model,base_rate,threshold,precision,recall,f1,positive_rate_pred
RF_B_local_history,0.019894725534429048,0.86,0.48629130966952266,0.5363120950323974,0.5100783155732443,0.02194113223761951
RF_C_local_plus_neighbors,0.019894725534429048,0.88,0.5172697933118177,0.5084368250539957,0.5128152762177065,0.01955500053711462
RF_D_fatality_split,0.019894725534429048,0.89,0.5212180335865096,0.5048596112311015,0.5129084239037268,0.01927032978837684
Logit_C_local_plus_neighbors,0.019894725534429048,0.99,0.3347244864688621,0.6928995680345572,0.45139163698720486,0.041183263508432696
Logit_D_fatality_split,0.019894725534429048,0.99,0.33448399387761746,0.693237041036717,0.45124442589460273,0.041232946610806745
