model_family,delta_roc_auc_C_minus_B,delta_avg_precision_C_minus_B,delta_brier_C_minus_B
RF,0.00482642175928083,0.0037063890892192752,0.0004960482081522166
Logit,0.021333160459824363,0.007509849423564918,-0.03885141793201041
